header,questionEN,questionAR,answerEN1,answerAR1,value1,answerEN2,answerAR2,value2
Q1,Please choose the statement that sounds most like you.,من بين العبارتين التاليتين، يرجى اختيار العبارة التي تنطبق عليك أكثر من غيرها. ,I change my approach quickly if it helps the work.,أغير أسلوب عملي بسرعة إذا كان ذلك يساعد العمل.,1,I believe taking a consistent approach is important.,أعتقد أن اتباع نهج ثابت أمر مهم.,2
Q2,Please choose the statement that sounds most like you.,من بين العبارتين التاليتين، يرجى اختيار العبارة التي تنطبق عليك أكثر من غيرها. ,I feel pressured if I have to learn quickly.,أشعر بالضغط إذا اضطررت للتعلم بسرعة.,1,People have called me a 'fast learner'.,"يصفني الناس بـ\المتعلم السريع\"".""",2
Q3,Please choose the statement that sounds most like you.,من بين العبارتين التاليتين، يرجى اختيار العبارة التي تنطبق عليك أكثر من غيرها. ,People have called me competitive.,يصفني الناس بأنني شخص تنافسي.,1,I think taking part in an activity is more important than winning it.,أعتقد أن المشاركة في الأنشطة أكثر أهمية من الفوز بها.,2
Q4,Please choose the statement that sounds most like you.,من بين العبارتين التاليتين، يرجى اختيار العبارة التي تنطبق عليك أكثر من غيرها. ,I'm driven by a constant desire to outperform.,لدي رغبة مستمرة في التفوق.,1,I take a relaxed approach to life.,أتبع نهجاً هادئًا في الحياة.,2
Q5,Please choose the statement that sounds most like you.,من بين العبارتين التاليتين، يرجى اختيار العبارة التي تنطبق عليك أكثر من غيرها. ,"I prefer clear, straightforward tasks.",أفضل المهام الواضحة والمباشرَة.,1,"I enjoy exploring complex, open-ended problems.",أستمتع باستكشاف المشكلات المعقدة التي تتيح مزيدًا من الاستكشاف.,2
Q6,Please choose the statement that sounds most like you.,من بين العبارتين التاليتين، يرجى اختيار العبارة التي تنطبق عليك أكثر من غيرها. ,My outlook keeps me energised.,نظرتي للمستقبل تبقيني أكثر نشاطاً.,1,I don't believe I need to be the most lively person.,لا أعتقد أنني بحاجة لأن أكون الشخص الأكثر حيوية ونشاطاً.,2
Q7,Please choose the statement that sounds most like you.,من بين العبارتين التاليتين، يرجى اختيار العبارة التي تنطبق عليك أكثر من غيرها. ,I am comfortable living with uncertainty.,لا يزعجني التعايش مع الأمور غير الواضحة أو المجهولة.,1,I seek stability and routine in my life.,أبحث عن الاتزان والروتين في حياتي.,2
Q8,Please choose the statement that sounds most like you.,من بين العبارتين التاليتين، يرجى اختيار العبارة التي تنطبق عليك أكثر من غيرها. ,Social situations can be draining for me.,تستنزف المواقف الاجتماعية طاقتي.,1,I feel energised when interacting with others.,أشعر بالنشاط عند التفاعل أو التعامل مع الآخرين.,2
Q9,Please choose the statement that sounds most like you.,من بين العبارتين التاليتين، يرجى اختيار العبارة التي تنطبق عليك أكثر من غيرها. ,I often rely on others for support when working in a team.,غالباً أعتمد على الآخرين للحصول على الدعم عند العمل مع فريق.,1,I can rely only on myself to get things done.,لا يمكنني الاعتماد إلا على نفسي فقط لإنجاز الأمور.,2
Q10,Please choose the statement that sounds most like you.,من بين العبارتين التاليتين، يرجى اختيار العبارة التي تنطبق عليك أكثر من غيرها. ,I like to be given the space to learn at a relaxed pace.,أحب أن يُمنح لي المجال للتعلّم بطريقة مريحة.,1,I am quick to assimilate the key points of new information.,أنا سريع في استيعاب النقاط الرئيسية للمعلومات الجديدة.,2
Q11,Please choose the statement that sounds most like you.,من بين العبارتين التاليتين، يرجى اختيار العبارة التي تنطبق عليك أكثر من غيرها. ,I enjoy discussing abstract or theoretical topics.,أستمتع بمناقشة المواضيع المجردة أو النظرية.,1,I enjoy discussing topics with practical application.,أستمتع بمناقشة المواضيع ذات التطبيقات العملية.,2
Q12,Please choose the statement that sounds most like you.,من بين العبارتين التاليتين، يرجى اختيار العبارة التي تنطبق عليك أكثر من غيرها. ,I am a natural leader.,أنا قائد بطبيعتي.,1,I don't need to win to know I'm doing well.,لست بحاجة إلى الفوز لمعرفة أن أدائي جيد.,2
Q13,Please choose the statement that sounds most like you.,من بين العبارتين التاليتين، يرجى اختيار العبارة التي تنطبق عليك أكثر من غيرها. ,I take every opportunity to work on challenging tasks.,أستغل كل فرصة للعمل على المهام الصعبة التي تتطلب تحديًا.,1,I keep a balanced workload without constantly taking on challenges.,أحافظ على التوازن في عملي دون أن أبحث عن التحديات بشكل مستمر.,2
Q14,Please choose the statement that sounds most like you.,من بين العبارتين التاليتين، يرجى اختيار العبارة التي تنطبق عليك أكثر من غيرها. ,I approach problems with innovative and unique ideas.,أتعامل مع المشاكل بأفكار مبتكرة وفريدة من نوعها.,1,I like to solve problems with time-tested methods.,أحب حل المشكلات باستخدام الأساليب التي تم اختبارها مع الوقت.,2
Q15,Please choose the statement that sounds most like you.,من بين العبارتين التاليتين، يرجى اختيار العبارة التي تنطبق عليك أكثر من غيرها. ,I usually wait for someone else to bring energy to the group.,في العادة، أنتظر شخصًا آخر ليعزز الحماس في المجموعة.,1,I draw energy from others to cheer up the group.,أستمد القوة من الآخرين لأرفع معنويات المجموعة.,2
Q16,Please choose the statement that sounds most like you.,من بين العبارتين التاليتين، يرجى اختيار العبارة التي تنطبق عليك أكثر من غيرها. ,I need to be convinced of the benefits of change.,يجب أن أكون مقتنعاً بفوائد التغيير.,1,I actively seek new experiences.,أحرص على البحث عن تجارب جديدة باستمرار.,2
Q17,Please choose the statement that sounds most like you.,من بين العبارتين التاليتين، يرجى اختيار العبارة التي تنطبق عليك أكثر من غيرها. ,I tend to gravitate to people I'm familiar with.,أميل إلى التعامل مع الأشخاص المألوفين بالنسبة لي.,1,I am comfortable being with people I don't know.,لا أجد صعوبة في التعامل مع الأشخاص الذين لا أعرفهم.,2
Q18,Please choose the statement that sounds most like you.,من بين العبارتين التاليتين، يرجى اختيار العبارة التي تنطبق عليك أكثر من غيرها. ,I enjoy collaborating with others to achieve common goals.,أستمتع بالتعاون مع الآخرين لتحقيق أهداف مشتركة.,1,I enjoy pursuing individual goals.,أستمتع بالعمل على تحقيق أهداف فردية.,2
Q19,Please choose the statement that sounds most like you.,من بين العبارتين التاليتين، يرجى اختيار العبارة التي تنطبق عليك أكثر من غيرها. ,I feel all right if unexpected changes require adopting a new strategy.,لا أمانع إذا اضطررت إلى اعتماد استراتيجية جديدة بسبب تغييرات غير متوقعة.,1,I feel uncomfortable when my plans get disrupted.,أشعر بعدم الراحة عندما تتعطل خططي.,2
Q20,Please choose the statement that sounds most like you.,من بين العبارتين التاليتين، يرجى اختيار العبارة التي تنطبق عليك أكثر من غيرها. ,The solutions I find are different from most people’s.,تختلف الحلول التي أجدها عن الحلول التي يجدها معظم الناس.,1,I want to ensure that we are using the most effective solution.,أرغب في التأكد من أننا نستخدم الحل الأنسب والأكثر كفاءة.,2
Q21,Please choose the statement that sounds most like you.,من بين العبارتين التاليتين، يرجى اختيار العبارة التي تنطبق عليك أكثر من غيرها. ,I am pleased when others succeed.,أشعر بالسعادة عندما ينجح الآخرون.,1,I seek to beat my opposition regardless of the task.,أحاول التغلب على خصمي بغض النظر عن المَهمة.,2
Q22,Please choose the statement that sounds most like you.,من بين العبارتين التاليتين، يرجى اختيار العبارة التي تنطبق عليك أكثر من غيرها. ,Constantly pushing for more is not my top priority.,ليس من أولوياتي تحفيز نفسي باستمرار من أجل تحقيق المزيد.,1,I'm not content until I achieve great success.,لا أرتاح حتى أحقق نجاحًا كبيرًا.,2
Q23,Please choose the statement that sounds most like you.,من بين العبارتين التاليتين، يرجى اختيار العبارة التي تنطبق عليك أكثر من غيرها. ,I like to base decisions on facts and current knowledge.,أحب اتخاذ القرارات بناءً على الحقائق والمعلومات الحالية.,1,I enjoy imagining new possibilities and exploring unconventional ideas.,أستمتع بتخيل إحتمالات جديدة واستكشاف الأفكار غير التقليدية.,2
Q24,Please choose the statement that sounds most like you.,من بين العبارتين التاليتين، يرجى اختيار العبارة التي تنطبق عليك أكثر من غيرها. ,I can focus my energy on just a few important things.,يقتصر تركيز طاقتي على بعض الأمور المهمة فقط.,1,I spread my energy to everyone around me.,أنشر طاقتي وحيويتي لكل من هم حولي.,2
Q25,Please choose the statement that sounds most like you.,من بين العبارتين التاليتين، يرجى اختيار العبارة التي تنطبق عليك أكثر من غيرها. ,I don't feel the need to question why things are done a certain way.,لا أشعر بالحاجة إلى التساؤل عن سبب القيام بالأشياء بطريقة معينة.,1,I approach tasks ready to explore various possibilities.,أتعامل مع المهام بروح الاستعداد والجاهزية لاكتشاف مختلف الاحتمالات.,2
Q26,Please choose the statement that sounds most like you.,من بين العبارتين التاليتين، يرجى اختيار العبارة التي تنطبق عليك أكثر من غيرها. ,I seek out opportunities to meet new people.,أبحث عن فرص للتعرف على أشخاص جدد.,1,I don't put myself in social positions that are outside my comfort zone.,لا أضع نفسي في مواقف اجتماعية خارجة عن إطار راحتي.,2
Q27,Please choose the statement that sounds most like you.,من بين العبارتين التاليتين، يرجى اختيار العبارة التي تنطبق عليك أكثر من غيرها. ,Working in teams slows down my progress.,العمل مع الفريق يبطئ من تقدمي.,1,I believe that team collaboration can lead to better outcomes.,أعتقد أن تعاون الفريق يمكن أن يؤدي إلى نتائج أفضل.,2
Q28,Please choose the statement that sounds most like you.,من بين العبارتين التاليتين، يرجى اختيار العبارة التي تنطبق عليك أكثر من غيرها. ,I am hesitant to give up on familiar routines.,أتردد في التخلي عن الروتين المألوف.,1,I easily abandon old habits for more effective ones.,أتخلى بسهولة عن العادات القديمة واستبدالها بعادات أكثر فعالية.,2
Q29,Please choose the statement that sounds most like you.,من بين العبارتين التاليتين، يرجى اختيار العبارة التي تنطبق عليك أكثر من غيرها. ,I would describe myself as creative.,يمكنني وصف نفسي كشخص مُبدِع.,1,I would describe myself as solution-focused.,يمكنني وصف نفسي بأنني شخص يركز على إيجاد الحلول.,2
Q30,Please choose the statement that sounds most like you.,من بين العبارتين التاليتين، يرجى اختيار العبارة التي تنطبق عليك أكثر من غيرها. ,Competition is not a motivator for me.,لا تعتبر المنافسة من المحفزات بالنسبة لي.,1,I like it when others follow my decisions.,أحب أن يتبع الآخرون قراراتي.,2
Q31,Please choose the statement that sounds most like you.,من بين العبارتين التاليتين، يرجى اختيار العبارة التي تنطبق عليك أكثر من غيرها. ,I thrive on pushing myself to achieve challenging goals.,أنجح عندما أدفع نفسي لتحقيق الأهداف الصعبة.,1,I am content with my current achievements.,أنا راضٍ عن إنجازاتي الحالية.,2
Q32,Please choose the statement that sounds most like you.,من بين العبارتين التاليتين، يرجى اختيار العبارة التي تنطبق عليك أكثر من غيرها. ,I enjoy taking time to explore different perspectives before deciding.,أستمتع بأخذ الوقت الكافي لاستكشاف وجهات نظر مختلفة قبل اتخاذ القرار.,1,I focus on getting things done efficiently.,أركز على إنجاز الأمور بكفاءة.,2
Q33,Please choose the statement that sounds most like you.,من بين العبارتين التاليتين، يرجى اختيار العبارة التي تنطبق عليك أكثر من غيرها. ,People see me as a joyful person.,يراني الناس كشخص سعيد.,1,I think overly cheerful people seem disconnected from reality.,أعتقد أن الأشخاص المفرطين في التفاؤل يبدون منفصلين عن الواقع.,2
Q34,Please choose the statement that sounds most like you.,من بين العبارتين التاليتين، يرجى اختيار العبارة التي تنطبق عليك أكثر من غيرها. ,Tried and tested approaches to tasks are the best.,الأساليب المجرّبة مسبقًا للقيام بالمهام هي الأفضل.,1,I experiment to find new ways of doing things.,أقوم بتجربة طرق جديدة للقيام بالأشياء.,2
Q35,Please choose the statement that sounds most like you.,من بين العبارتين التاليتين، يرجى اختيار العبارة التي تنطبق عليك أكثر من غيرها. ,I have a natural talent for captivating an audience and holding their attention.,لدي موهبة طبيعية في جذب الجمهور والحفاظ على انتباههم.,1,I tend to observe and listen in group settings.,أميل إلى الاستماع ومتابعة ما يجري في الجلسات الجماعية.,2
Q36,Please choose the statement that sounds most like you.,من بين العبارتين التاليتين، يرجى اختيار العبارة التي تنطبق عليك أكثر من غيرها. ,I actively seek opportunities to support and assist my colleagues.,أبحث دائماً عن فرص لدعم ومساعدة زملائي.,1,I tend to prioritise my tasks over socialising with my team.,أميل إلى إعطاء الأولوية لمهامي بدلا من التفاعل الاجتماعي مع الفريق.,2
Q37,Please choose the statement that sounds most like you.,من بين العبارتين التاليتين، يرجى اختيار العبارة التي تنطبق عليك أكثر من غيرها. ,I work well in fast-paced environments when I need to learn quickly.,أعمل جيدًا في بيئات سريعة الوتيرة عندما أحتاج إلى التعلم بسرعة.,1,I enjoy being given the space for in-depth analysis.,أحب أن تتاح لي الفرصة للقيام بالتحليل العميق.,2
Q38,Please choose the statement that sounds most like you.,من بين العبارتين التاليتين، يرجى اختيار العبارة التي تنطبق عليك أكثر من غيرها. ,My strength is translating ideas into practical solutions.,تكمن نقاط قوتي في ترجمة الأفكار إلى حلول عملية.,1,I enjoy brainstorming and coming up with new ideas.,أحب تبادل الأفكار وابتكار حلول جديدة.,2
Q39,Please choose the statement that sounds most like you.,من بين العبارتين التاليتين، يرجى اختيار العبارة التي تنطبق عليك أكثر من غيرها. ,I go along with others' opinions and decisions.,أتوافق مع آراء الآخرين وقراراتهم.,1,I'm keen to get my point across.,أنا حريص على إيصال فكرتي بشكلٍ واضح ومقنع.,2
Q40,Please choose the statement that sounds most like you.,من بين العبارتين التاليتين، يرجى اختيار العبارة التي تنطبق عليك أكثر من غيرها. ,Others describe me as having a very strong drive.,يصفني الآخرون بأنني أمتلك دافعاً قوياً جداً.,1,People see me as a very patient person.,يراني الناس كشخص صبور جداً.,2
Q41,Please choose the statement that sounds most like you.,من بين العبارتين التاليتين، يرجى اختيار العبارة التي تنطبق عليك أكثر من غيرها. ,My passion for what I do is evident to those around me.,إن شغفي بما أقوم به واضح لمن هم حولي.,1,People sometimes describe me as too serious.,يصفني الناس بعض الوقت بالشخص الجاد بشكل كبير.,2
Q42,Please choose the statement that sounds most like you.,من بين العبارتين التاليتين، يرجى اختيار العبارة التي تنطبق عليك أكثر من غيرها. ,I tend to agree with the majority view.,أميل إلى الموافقة على وجهة نظر الأغلبية.,1,I like to challenge the status quo.,أحب تحدي الوضع الحالي والمألوف.\n,2
Q43,Please choose the statement that sounds most like you.,من بين العبارتين التاليتين، يرجى اختيار العبارة التي تنطبق عليك أكثر من غيرها. ,I enjoy lively conversations in group environments.,أستمتع بالمحادثات الشيّقة في المجموعات.,1,I tend to be more reserved in social settings.,أميل إلى أن أكون أكثر تحفظاً في البيئات الاجتماعية.,2
Q44,Please choose the statement that sounds most like you.,من بين العبارتين التاليتين، يرجى اختيار العبارة التي تنطبق عليك أكثر من غيرها. ,Individual achievements satisfy me the most.,ترضيني الإنجازات الفردية أكثر من غيرها.,1,I am willing to adapt my work style to better align with my team.,أنا على استعداد لتعديل أسلوب عملي ليتماشى بشكل أفضل مع فريقي.,2
Q45,Please choose the statement that sounds most like you.,من بين العبارتين التاليتين، يرجى اختيار العبارة التي تنطبق عليك أكثر من غيرها. ,I need time to perfect new skills before applying them.,أحتاج الوقت الكافي لإتقان مهارات جديدة قبل تطبيقها.,1,I quickly understand new concepts.,أستوعب المفاهيم الجديدة بسرعة.,2
Q46,Please choose the statement that sounds most like you.,من بين العبارتين التاليتين، يرجى اختيار العبارة التي تنطبق عليك أكثر من غيرها. ,People have called me practical.,يصفني الناس بأنني عمليّ.,1,"Often, people are too focused on practicality.",في كثير من الأحيان، يركز الناس بشكل كبير على التطبيق العملي.,2
Q47,Please choose the statement that sounds most like you.,من بين العبارتين التاليتين، يرجى اختيار العبارة التي تنطبق عليك أكثر من غيرها. ,I follow the lead of those who take control.,أتّبع قيادة من يتولون المسؤولية.,1,"I don’t let myself lose, even against my peers.",لا أسمح لنفسي بالخسارة، حتى أمام من هم في مستواي.,2
Q48,Please choose the statement that sounds most like you.,من بين العبارتين التاليتين، يرجى اختيار العبارة التي تنطبق عليك أكثر من غيرها. ,I feel eager to take on multiple tasks simultaneously.,أشعر بوجود رغبة تجبرني على تولي مهام متعددة في نفس الوقت.,1,I am realistic when planning my goals.,أنا واقعي في التخطيط لأهدافي.,2
Q49,Please choose the statement that sounds most like you.,من بين العبارتين التاليتين، يرجى اختيار العبارة التي تنطبق عليك أكثر من غيرها. ,I often get lost in thinking about abstract concepts.,غالباً، أتعمق في التفكير بالمفاهيم المجردة.,1,"I value direct, actionable results.",أقدِّر النتائج المباشرة والقابلة للتنفيذ.,2
Q50,Please choose the statement that sounds most like you.,من بين العبارتين التاليتين، يرجى اختيار العبارة التي تنطبق عليك أكثر من غيرها. ,People don’t always pick up on what’s going on in my mind.,لا يلاحظ الناس دائمًا ما يدور في بالي.,1,People tell me I am full of life.,يُخبرني الناس أنني مفعمٌ بالحياة.,2
Q51,Please choose the statement that sounds most like you.,من بين العبارتين التاليتين، يرجى اختيار العبارة التي تنطبق عليك أكثر من غيرها. ,I stay calm in times of big change.,أحافظ على هدوئي عند حدوث تغييرات كبيرة.,1,I believe life should be structured and predictable.,أرى أن الحياة ينبغي أن تسير وفق نظام واضح يمكن توقّعه.,2
Q52,Please choose the statement that sounds most like you.,من بين العبارتين التاليتين، يرجى اختيار العبارة التي تنطبق عليك أكثر من غيرها. ,I tend to feel uncomfortable if I'm the centre of attention.,أميل إلى الشعور بعدم الراحة عندما أكون محط الاهتمام.,1,I enjoy talking in front of groups of people.,أستمتع بالتحدث أمام مجموعات كبيرة من الناس.,2
Q53,Please choose the statement that sounds most like you.,من بين العبارتين التاليتين، يرجى اختيار العبارة التي تنطبق عليك أكثر من غيرها. ,Nurturing team relationships is important to me.,تعزيز علاقات الفريق أمر مهم بالنسبة لي.,1,I value the autonomy I get from working on individual projects.,أقدر الاستقلالية التي أحصل عليها من العمل على المشاريع الفردية.,2
Q54,Please choose the statement that sounds most like you.,من بين العبارتين التاليتين، يرجى اختيار العبارة التي تنطبق عليك أكثر من غيرها. ,I take my time to grasp new information.,آخذ وقتي لفهم المعلومات الجديدة.,1,I absorb new information easily.,استوعب المعلومات الجديدة بسهولة.,2
Q55,Please choose the statement that sounds most like you.,من بين العبارتين التاليتين، يرجى اختيار العبارة التي تنطبق عليك أكثر من غيرها. ,I influence people easily.,يمكنني التأثير على الناس بسهولة.,1,It is easier to agree with others.,من الأسهل الاتفاق مع الآخرين.,2
Q56,Please choose the statement that sounds most like you.,من بين العبارتين التاليتين، يرجى اختيار العبارة التي تنطبق عليك أكثر من غيرها. ,I don't feel the need to constantly push my limits.,لا أشعر بالحاجة لدفع حدود إمكانياتي باستمرار.,1,I keep pushing forward to reach my ambitions.,أدفع نفسي باستمرار نحو تحقيق أهدافي وطموحاتي.,2
Q57,Please choose the statement that sounds most like you.,من بين العبارتين التاليتين، يرجى اختيار العبارة التي تنطبق عليك أكثر من غيرها. ,I tend to focus on practical and realistic outcomes.,أميل إلى التركيز على النتائج العملية والواقعية.,1,I enjoy exploring abstract ideas.,أستمتع باستكشاف الأفكار المجرّدة.,2
Q58,Please choose the statement that sounds most like you.,من بين العبارتين التاليتين، يرجى اختيار العبارة التي تنطبق عليك أكثر من غيرها. ,I reserve my energy for the things I care most about.,أخصص طاقتي للأمور التي تهمني أكثر من غيرها.,1,I see myself as being generally cheerful.,أرى نفسي شخصًا مبتهجاً بشكل عام.,2
Q59,Please choose the statement that sounds most like you.,من بين العبارتين التاليتين، يرجى اختيار العبارة التي تنطبق عليك أكثر من غيرها. ,I’m fascinated by what the future might bring.,أنبهر بما قد يجلبه المستقبل.,1,I avoid the uncertainty that comes with change.,أبتعد عمّا يجلبه التغيير من غموض وعدم وضوح.,2
Q60,Please choose the statement that sounds most like you.,من بين العبارتين التاليتين، يرجى اختيار العبارة التي تنطبق عليك أكثر من غيرها. ,I prefer familiar social environments.,أفضّل البيئات الاجتماعية المألوفة.,1,I'm interested in meeting new groups of people.,أنا مهتم بلقاء مجموعات جديدة من الناس.,2
Q61,Please choose the statement that sounds most like you.,من بين العبارتين التاليتين، يرجى اختيار العبارة التي تنطبق عليك أكثر من غيرها. ,I prioritise the success of the team over personal recognition.,أمنح الأولوية لنجاح الفريق بدلاً من الحصول على تقدير شخصي.,1,I enjoy receiving recognition for my individual achievements.,أستمتع بالحصول على التقدير لإنجازاتي الفردية.,2
Q62,Please choose the statement that sounds most like you.,من بين العبارتين التاليتين، يرجى اختيار العبارة التي تنطبق عليك أكثر من غيرها. ,New approaches should be evaluated first before being adopted.,يجب تقييم الأساليب الجديدة أولاً قبل اعتمادها.,1,I am open to suggestions to change my way of working.,لدي استعداد لتلقي الاقتراحات لتغيير طريقة أدائي في العمل.,2
Q63,Please choose the statement that sounds most like you.,من بين العبارتين التاليتين، يرجى اختيار العبارة التي تنطبق عليك أكثر من غيرها. ,I can get lost in my imagination and lose track of time.,أستطيع أن أضيع في مُخيّلتي وأفقد الإحساس بالوقت.,1,I’d rather get started on a task than waste time being innovative.,أفضل البدء بالمهام بدلاً من إضاعة الوقت في التفكير الإبداعي.,2
Q64,Please choose the statement that sounds most like you.,من بين العبارتين التاليتين، يرجى اختيار العبارة التي تنطبق عليك أكثر من غيرها. ,I enjoy taking a supportive role in group situations.,أحب أن أتولى دور المساندة أثناء المشاركة في العمل الجماعي.,1,I'm the best person to take the lead in groups.,أنا أفضل شخص لتولي القيادة في الفريق.,2
Q65,Please choose the statement that sounds most like you.,من بين العبارتين التاليتين، يرجى اختيار العبارة التي تنطبق عليك أكثر من غيرها. ,I want to see immediate progress when working on something.,أريد أن أرى تقدماً فورياً عند العمل على شيء ما.,1,I'm willing to wait for long-term benefits from my work.,أنا على استعداد للانتظار للحصول على فوائد طويلة المدى من عملي.,2
Q66,Please choose the statement that sounds most like you.,من بين العبارتين التاليتين، يرجى اختيار العبارة التي تنطبق عليك أكثر من غيرها. ,"I’m full of energy, even at the end of the day.",أنا مليء بالطاقة، حتى في نهاية اليوم.,1,I feel my energy is drained by the end of the day.,أشعر بأن طاقتي قد استُنزِفت بحلول نهاية اليوم.,2
Q67,Please choose the statement that sounds most like you.,من بين العبارتين التاليتين، يرجى اختيار العبارة التي تنطبق عليك أكثر من غيرها. ,It is better when processes remain constant.,من الأفضل أن تبقى الإجراءات المتبعة في الأمور ثابتة.,1,I like new processes and ways of doing things.,أحب الإجراءات والطرق الجديدة للقيام بالأشياء.,2
Q68,Please choose the statement that sounds most like you.,من بين العبارتين التاليتين، يرجى اختيار العبارة التي تنطبق عليك أكثر من غيرها. ,I prefer small social gatherings to big parties.,أفضل اللقاءات الاجتماعية الصغيرة على الحفلات الكبيرة.,1,Socialising with other people gives me energy.,يمنحني التواصل الاجتماعي مع الآخرين الطاقة والحيوية.,2
Q69,Please choose the statement that sounds most like you.,من بين العبارتين التاليتين، يرجى اختيار العبارة التي تنطبق عليك أكثر من غيرها. ,I feel satisfied being part of a team's work.,أشعر بالرضا لكوني جزءاً من عمل الفريق.,1,"I most enjoy working by myself, so I can focus on my responsibilities.",أستمتع بالعمل بمفردي حتى أتمكن من التركيز على مسؤولياتي.,2
Q70,Please choose the statement that sounds most like you.,من بين العبارتين التاليتين، يرجى اختيار العبارة التي تنطبق عليك أكثر من غيرها. ,People appreciate my willingness to adapt plans as needed.,يقدّر الناس استعدادي لتعديل الخطط حسب الحاجة.,1,I let events unfold before changing my approach.,أعطي الأحداث الوقت الكافي لتتضح قبل تغيير أسلوبي.,2
Q71,Please choose the statement that sounds most like you.,من بين العبارتين التاليتين، يرجى اختيار العبارة التي تنطبق عليك أكثر من غيرها. ,I often think about what might happen in the future.,أفكر غالبًا في ما قد يحدث في المستقبل.,1,I like to concentrate on things I can control.,أحب التركيز على الأمور التي يمكنني التحكم بها.,2
Q72,Please choose the statement that sounds most like you.,من بين العبارتين التاليتين، يرجى اختيار العبارة التي تنطبق عليك أكثر من غيرها. ,I am happy to follow the main consensus.,يسعدني أن أتبع الإجماع في الرأي.,1,I am not afraid to confront others when I disagree with them.,لا أخشى مواجهة الآخرين عندما لا أوافقهم الرأي.,2
Q73,Please choose the statement that sounds most like you.,من بين العبارتين التاليتين، يرجى اختيار العبارة التي تنطبق عليك أكثر من غيرها. ,I’m not in a hurry to achieve my goals.,لست مستعجلاً لتحقيق أهدافي.,1,Impatience drives me to push myself.,عدم الصبر يدفعني لبذل المزيد من الجهد.,2
Q74,Please choose the statement that sounds most like you.,من بين العبارتين التاليتين، يرجى اختيار العبارة التي تنطبق عليك أكثر من غيرها. ,I prefer to approach challenges with an open mind.,أفضل التعامل مع التحديات بعقلٍ منفتح.,1,I prefer a structured approach to solving problems.,أفضل اتباع نهج منظم لحل المشكلات.,2
Q75,Please choose the statement that sounds most like you.,من بين العبارتين التاليتين، يرجى اختيار العبارة التي تنطبق عليك أكثر من غيرها. ,People are often unaware of my mood.,في الغالب، يكون الناس غير مدركين لمزاجي.,1,People have said I brighten their day.,سبق وأن قال لي الناس بأنني أزيد يومهم سعادة.,2
Q76,Please choose the statement that sounds most like you.,من بين العبارتين التاليتين، يرجى اختيار العبارة التي تنطبق عليك أكثر من غيرها. ,I prefer taking a different approach to the norm.,أفضل اتباع نهج مختلف عن المعتاد.,1,I believe established practices must be followed.,أعتقد أنه من الضروري اتباع الممارسات المُجرّبة والمعمول بها.,2
Q77,Please choose the statement that sounds most like you.,من بين العبارتين التاليتين، يرجى اختيار العبارة التي تنطبق عليك أكثر من غيرها. ,I have been described as talkative.,وصفني الآخرون بأنني محب  للكلام.,1,I like time alone to re-energise myself.,أحب الوقت الذي أكون فيه وحيداً لإعادة تنشيط نفسي.,2
Q78,Please choose the statement that sounds most like you.,من بين العبارتين التاليتين، يرجى اختيار العبارة التي تنطبق عليك أكثر من غيرها. ,I enjoy celebrating team achievements and milestones.,أستمتع بالاحتفال بالإنجازات التي حققها الفريق.,1,I do not feel the need to depend on others for support.,لا أشعر بالحاجة للاعتماد على الآخرين للحصول على الدعم.,2
Q79,Please choose the statement that sounds most like you.,من بين العبارتين التاليتين، يرجى اختيار العبارة التي تنطبق عليك أكثر من غيرها. ,I have no problem with altering my plans when the situation calls for it.,ليس لدي أي مشكلة في تغيير خططي عندما يتطلب الموقف ذلك.,1,"When completing a task, I take comfort in following my plans exactly.",حين أعمل على أي مهمة، أشعر بالاطمئنان عند إنجازها وفقًا لخططي تمامًا.,2
Q80,Please choose the statement that sounds most like you.,من بين العبارتين التاليتين، يرجى اختيار العبارة التي تنطبق عليك أكثر من غيرها. ,I rely on others for creative ideas.,أعتمد على الآخرين للحصول على أفكار إبداعية.,1,I usually generate the ideas and leave the details to others.,أنا في العادة أطرح الأفكار وأترك التفاصيل للأشخاص الآخرين.,2
Q81,Please choose the statement that sounds most like you.,من بين العبارتين التاليتين، يرجى اختيار العبارة التي تنطبق عليك أكثر من غيرها. ,I focus on the here-and-now and immediate needs.,أركز على الاحتياجات الحالية والفورية.,1,I always think about the long-term future and possibilities.,أفكر دائماً بالمستقبل والاحتمالات على المدى البعيد.,2
Q82,Please choose the statement that sounds most like you.,من بين العبارتين التاليتين، يرجى اختيار العبارة التي تنطبق عليك أكثر من غيرها. ,I like to challenge myself to be the best at any activity.,أحب أن أتحدى نفسي لأكون الأفضل في أي نشاط.,1,I think it's important to follow those who know more.,أعتقد أنه من المهم اتباع من لديهم خبرة ومعرفة أكبر.,2
Q83,Please choose the statement that sounds most like you.,من بين العبارتين التاليتين، يرجى اختيار العبارة التي تنطبق عليك أكثر من غيرها. ,I set ambitious deadlines for myself.,أضع مواعيد محددة وطموحة لأهدافي.,1,I don't feel rushed to achieve every goal.,لا أشعر بأنني مستعجل لتحقيق كل هدف.,2
Q84,Please choose the statement that sounds most like you.,من بين العبارتين التاليتين، يرجى اختيار العبارة التي تنطبق عليك أكثر من غيرها. ,"I prefer tasks that have clear, achievable outcomes.",أفضل المهام التي لها نتائج واضحة وقابلة للتحقيق.,1,I enjoy tasks that allow for creative exploration and new ideas.,أستمتع بالمهام التي تسمح بالاستكشاف الإبداعي والأفكار الجديدة.,2
Q85,Please choose the statement that sounds most like you.,من بين العبارتين التاليتين، يرجى اختيار العبارة التي تنطبق عليك أكثر من غيرها. ,Others don't always see what I'm passionate about.,في العادة، لا يرى الآخرون ما أشعر بشغف تجاهه.,1,I am known for my enthusiasm and excitement.,أنا معروف بحماسي ونشاطي.,2
Q86,Please choose the statement that sounds most like you.,من بين العبارتين التاليتين، يرجى اختيار العبارة التي تنطبق عليك أكثر من غيرها. ,I’m always open to hearing and discussing new ideas.,أنا منفتح دائماً لسماع ومناقشة الأفكار الجديدة.,1,I build upon existing concepts that work well.,أضيف وأبني على المفاهيم الحالية التي تم إثبات فائدتها.,2
Q87,Please choose the statement that sounds most like you.,من بين العبارتين التاليتين، يرجى اختيار العبارة التي تنطبق عليك أكثر من غيرها. ,My strengths lie in listening more than talking.,تكمن نقاط قوتي في الاستماع أكثر من التحدث.,1,People describe me as being outgoing and sociable.,يصفني الناس بأنني شخص منفتح واجتماعي.,2
Q88,Please choose the statement that sounds most like you.,من بين العبارتين التاليتين، يرجى اختيار العبارة التي تنطبق عليك أكثر من غيرها. ,Working with others energises me.,إن العمل مع الآخرين يشجعني.,1,I work better alone than with others.,أعمل بمفردي بشكل أفضل من العمل مع الآخرين.,2
Q89,Please choose the statement that sounds most like you.,من بين العبارتين التاليتين، يرجى اختيار العبارة التي تنطبق عليك أكثر من غيرها. ,I benefit from a more gradual and structured approach to learning.,أحقق استفادة أكبر من منهج تعليمي منظم ومتدرج.,1,"I am able to apply newly acquired skills, immediately after learning them.",أنا قادر على تطبيق المهارات مباشرة بعد اكتسابها.,2
Q90,Please choose the statement that sounds most like you.,من بين العبارتين التاليتين، يرجى اختيار العبارة التي تنطبق عليك أكثر من غيرها. ,"I will acknowledge when I am wrong, privately and publicly.",أعترف بخطئي سواء كان ذلك بشكل خاص أو علني.,1,I like to make people pay when they treat me badly.,أميل إلى رد الاعتبار عندما يعاملني الآخرون بشكل غير لائق.,2
Q91,Please choose the statement that sounds most like you.,من بين العبارتين التاليتين، يرجى اختيار العبارة التي تنطبق عليك أكثر من غيرها. ,I don’t push people beyond their comfort zones.,لا أدفع الأشخاص لتجاوز حدود راحتهم الشخصية.,1,I like to test the boundaries of other people.,أميل إلى تحدي حدود صبر الناس وأرى ردود أفعالهم.,2
Q92,Please choose the statement that sounds most like you.,من بين العبارتين التاليتين، يرجى اختيار العبارة التي تنطبق عليك أكثر من غيرها. ,I’m always careful about what I tell people.,أنا دائماً حذر في ما أقوله للناس.,1,"I easily open up to people, even if I don’t know them well.",أحب أن أفضفض إلى الناس، حتى لو كنت لا أعرفهم جيداً.,2
Q93,Please choose the statement that sounds most like you.,من بين العبارتين التاليتين، يرجى اختيار العبارة التي تنطبق عليك أكثر من غيرها. ,I enjoy the things that are dangerous and may get others into trouble.,أستمتع بالأشياء الخطرة التي قد تسبب المشاكل للآخرين.,1,"I follow the rules, even if it is in my best interests not to.",ألتزم بالقواعد حتى لو كان من مصلحتي عدم القيام بذلك.,2
Q94,Please choose the statement that sounds most like you.,من بين العبارتين التاليتين، يرجى اختيار العبارة التي تنطبق عليك أكثر من غيرها. ,I enjoy outsmarting people.,أجد متعة في أن أكون أذكى من الآخرين في المواقف المختلفة.,1,I don’t feel the need to compete with others.,لا أشعر بالحاجة للمنافسة مع الآخرين.,2
Q95,Please choose the statement that sounds most like you.,من بين العبارتين التاليتين، يرجى اختيار العبارة التي تنطبق عليك أكثر من غيرها. ,I know personal details about most of the people I know.,اعرف تفاصيل شخصية عن معظم الأشخاص الذين اعرفهم.,1,I often forget things people tell me about themselves.,في الغالب، أنسى الأشياء التي يخبرني بها الناس عن أنفسهم.,2
Q96,Please choose the statement that sounds most like you.,من بين العبارتين التاليتين، يرجى اختيار العبارة التي تنطبق عليك أكثر من غيرها. ,It's important to me to act with sincerity.,من المهم بالنسبة لي أن أتصرف بصدق وصراحة.,1,It is OK to pretend to like someone to get ahead.,لا بأس بالتظاهر بأنك تحب شخصاً ما لتحقيق مصلحة أو تقدّم.,2
Q97,Please choose the statement that sounds most like you.,من بين العبارتين التاليتين، يرجى اختيار العبارة التي تنطبق عليك أكثر من غيرها. ,I usually act the same in all situations.,في العادة، أتصرف بنفس الطريقة في جميع المواقف.,1,I adapt my image to fit different situations.,أقوم بتغيير صورتي أو أسلوبي بما يتناسب مع المواقف المختلفة.,2
Q98,Please choose the statement that sounds most like you.,من بين العبارتين التاليتين، يرجى اختيار العبارة التي تنطبق عليك أكثر من غيرها. ,I know things about others that I can use if I need to.,أعرف أشياء عن الآخرين يمكنني استخدامها إذا لزم الأمر.,1,I don’t use personal information about others to achieve my goals.,لا أستخدم معلومات الآخرين الشخصية لتحقيق أهدافي.,2
Q99,Please choose the statement that sounds most like you.,من بين العبارتين التاليتين، يرجى اختيار العبارة التي تنطبق عليك أكثر من غيرها. ,I focus on presenting my best side to others.,أركز على تقديم أفضل صورة عن نفسي للآخرين.,1,I cannot hide my flaws from people.,لا يمكنني إخفاء عيوبي عن الناس.,2
Q100,Please choose the statement that sounds most like you.,من بين العبارتين التاليتين، يرجى اختيار العبارة التي تنطبق عليك أكثر من غيرها. ,I would be upset if my success was unfair to others.,أنزعج إذا كان نجاحي غير عادلاً بالنسبة للآخرين.,1,I prioritise winning over everything.,أضع الفوز في مقدمة أولوياتي فوق كل شيء.,2
Q101,Please choose the statement that sounds most like you.,من بين العبارتين التاليتين، يرجى اختيار العبارة التي تنطبق عليك أكثر من غيرها. ,I wouldn’t pretend to like someone in order to get ahead.,لن أتظاهر بأنني أحب شخصاً ما لتحقيق غاية معينة.,1,I tell people what they want to hear if it serves my purpose.,أقول للناس ما يريدون سماعه إذا كان ذلك يخدم هدفي.,2
Q102,Please choose the statement that sounds most like you.,من بين العبارتين التاليتين، يرجى اختيار العبارة التي تنطبق عليك أكثر من غيرها. ,People can be kind without expecting anything.,يمكن للناس أن يكونوا طيبين دون توقع أي شيء في المقابل.,1,"If someone’s nice, they usually want something.",إذا كان شخص ما لطيفا، فإنه عادةً يريد شيئاً ما.,2
Q103,Please choose the statement that sounds most like you.,من بين العبارتين التاليتين، يرجى اختيار العبارة التي تنطبق عليك أكثر من غيرها. ,I don’t mind breaking some rules as long as I don’t get caught.,لا أرى مانعًا في كسر بعض القواعد إذا لم يتم القبض علي.,1,Rules give me space to focus on things that matter to me.,تمنحني القواعد مساحة للتركيز على الأمور التي تهمني.,2
Q104,Please choose the statement that sounds most like you.,من بين العبارتين التاليتين، يرجى اختيار العبارة التي تنطبق عليك أكثر من غيرها. ,It's okay to befriend someone if it helps me reach my goals.,لا بأس في تكوين صداقة مع أحدٍ ما إذا كان ذلك سيساعدني في تحقيق أهدافي.,1,"I find it hard to mislead someone, even if there is something to gain from it.",أجد أنه من الصعب علي أن أوهم أحدًا بغير الحقيقة، حتى لو كان في ذلك منفعة لي.,2
Q105,Please choose the statement that sounds most like you.,من بين العبارتين التاليتين، يرجى اختيار العبارة التي تنطبق عليك أكثر من غيرها. ,I’m strategic about who I make friends with.,أنا استراتيجي في اختيار الأشخاص الذين أقوم بتكوين صداقات معهم.,1,I don't overthink when connecting with people.,لا أبالغ في التفكير عند التواصل أو التحدث مع الناس.,2
Q106,Please choose the statement that sounds most like you.,من بين العبارتين التاليتين، يرجى اختيار العبارة التي تنطبق عليك أكثر من غيرها. ,"Before I do anything, I consider the impact on others.",قبل أن أفعل أي شيء، أنظر إلى تأثير ذلك على الآخرين.,1,I have no sympathy for people when they face hardships.,لا أتعاطف مع الناس عندما يواجهون المصاعب.,2
Q107,Please choose the statement that sounds most like you.,من بين العبارتين التاليتين، يرجى اختيار العبارة التي تنطبق عليك أكثر من غيرها. ,I like to provoke other people just for the fun of it.,أحب أن أستفز الآخرين لمجرد التسلية.,1,I believe that everyone's rights are equally important.,أعتقد أن حقوق الجميع متساوية في الأهمية.,2
Q108,Please choose the statement that sounds most like you.,من بين العبارتين التاليتين، يرجى اختيار العبارة التي تنطبق عليك أكثر من غيرها. ,I try hard not to disappoint people.,أحاول جاهداً أن لا أخيب آمال الآخرين.,1,"I can talk other people into doing things for me, even if they don’t want to.",أستطيع إقناع الآخرين بالقيام بأشياء من أجلي، حتى لو لم يرغبوا بذلك.,2
Q109,Please choose the statement that sounds most like you.,من بين العبارتين التاليتين، يرجى اختيار العبارة التي تنطبق عليك أكثر من غيرها. ,I feel a need to stand out.,أشعر بالحاجة إلى أن أكون متميزاً عن غيري.,1,I don't show off my accomplishments.,لا أتفاخر بإنجازاتي.,2
Q110,Please choose the statement that sounds most like you.,من بين العبارتين التاليتين، يرجى اختيار العبارة التي تنطبق عليك أكثر من غيرها. ,It is important to get things done without over-thinking things.,من المهم إنجاز الأمور دون المبالغة في التفكير بها.,1,I tend to consider the consequences of my actions.,أميل إلى النظر في عواقب أفعالي.,2
Q111,Please choose the statement that sounds most like you.,من بين العبارتين التاليتين، يرجى اختيار العبارة التي تنطبق عليك أكثر من غيرها. ,My own happiness takes precedence over the needs of others.,سعادتي أنا لها الأولوية على احتياجات الآخرين.,1,I prioritise the welfare of others over my own.,أعطي الأولوية لراحة الآخرين على حساب مصلحتي الشخصية.,2
Q112,Please choose the statement that sounds most like you.,من بين العبارتين التاليتين، يرجى اختيار العبارة التي تنطبق عليك أكثر من غيرها. ,I believe that everybody has opinions that should be respected.,أعتقد أن لدى الجميع آراء يجب احترامها.,1,"I do not care if someone gets upset, as long as I get what I want.",لا أهتم إذا غضب شخص ما، طالما تمكنت من الحصول على ما أريد.,2
Q113,Please choose the statement that sounds most like you.,من بين العبارتين التاليتين، يرجى اختيار العبارة التي تنطبق عليك أكثر من غيرها. ,Honesty is the best policy in all cases.,الصدق هو السياسة الأفضل في جميع الحالات.,1,I will explain my motives only if it serves my purpose.,أشرح دوافع أفعالي فقط عندما يخدم ذلك هدفي.,2
Q114,Please choose the statement that sounds most like you.,من بين العبارتين التاليتين، يرجى اختيار العبارة التي تنطبق عليك أكثر من غيرها. ,I enjoy the excitement of taking risks.,أحب التشويق الذي يأتي مع المجازفة.,1,I prefer to avoid unnecessary risks.,أفضل تجنب المخاطر غير الضرورية.,2
Q115,Please choose the statement that sounds most like you.,من بين العبارتين التاليتين، يرجى اختيار العبارة التي تنطبق عليك أكثر من غيرها. ,"If you treat people well, you will get the best from them.",إذا أحسنت معاملة الناس، سترى منهم أفضل ما فيهم.,1,It is necessary to use tricks to make people work hard.,من الضروري استخدام الحِيَل لدفع الناس إلى بذل الجهد في العمل.,2
Q116,Please choose the statement that sounds most like you.,من بين العبارتين التاليتين، يرجى اختيار العبارة التي تنطبق عليك أكثر من غيرها. ,I get upset when someone is having problems.,أشعر بالانزعاج عندما يواجه شخص المشاكل.,1,I can stay detached when others struggle.,أستطيع أن أبقى غير متأثرًا عندما يمر الآخرون بالمشاكل.,2
Q117,Please choose the statement that sounds most like you.,من بين العبارتين التاليتين، يرجى اختيار العبارة التي تنطبق عليك أكثر من غيرها. ,"I behave in line with my values, even if it is disadvantageous to do so.",أتصرف بما يتماشى مع قيمي، حتى لو كان ذلك لا يخدم مصلحتي.,1,I can use other people to get what I want.,يمكنني استخدام الآخرين للحصول على ما أريد.,2
Q118,Please choose the statement that sounds most like you.,من بين العبارتين التاليتين، يرجى اختيار العبارة التي تنطبق عليك أكثر من غيرها. ,I like it when people around tell me I am special.,أحب أن يكون حولي أشخاص يخبرونني بأنني مميز.,1,I get uncomfortable when people praise me or give me compliments.,أشعر بعدم الراحة عندما يمدحني الناس أو يوجهون إليّ الثناء.,2
Q119,Please choose the statement that sounds most like you.,من بين العبارتين التاليتين، يرجى اختيار العبارة التي تنطبق عليك أكثر من غيرها. ,I don’t like it when people get in my way.,لا أحب عندما يقف الناس في طريقي.,1,I don’t mind when people slow me down.,لا أمانع عندما يقوم الناس بإبطائي.,2
Q120,Please choose the statement that sounds most like you.,من بين العبارتين التاليتين، يرجى اختيار العبارة التي تنطبق عليك أكثر من غيرها. ,I am skilled at winning people over.,أنا ماهر في كسب محبّة الناس.,1,I let people form their own impression of me.,أسمح للناس تكوين انطباعهم الخاص عني.,2
Q121,Please choose the statement that sounds most like you.,من بين العبارتين التاليتين، يرجى اختيار العبارة التي تنطبق عليك أكثر من غيرها. ,My driving goals are success and power.,هدفي الذي يشجعني بالاستمرار هو تحقيق النجاح والحصول على القوة.,1,It’s OK if others aren’t impressed by me.,لا بأس إذا لم ينبهر الآخرون بإنجازاتي.,2
Q122,Please choose the statement that sounds most like you.,من بين العبارتين التاليتين، يرجى اختيار العبارة التي تنطبق عليك أكثر من غيرها. ,"Rules should be followed, even when inconvenient.",يجب اتباع القواعد، حتى عندما تكون غير مناسبة لي.,1,Breaking rules is sometimes necessary to get ahead.,من الضروري أحيانا كسر القواعد للمضي قدماً.,2
Q123,Please choose the statement that sounds most like you.,من بين العبارتين التاليتين، يرجى اختيار العبارة التي تنطبق عليك أكثر من غيرها. ,Building a positive image is the most important thing in life.,بناء صورة أو انطباع إيجابي عني هو أهم شيء في الحياة.,1,Things will develop on their own when you do your job.,ستتطور الأمور من تلقاء نفسها عندما تقوم بعملك.,2
Q124,Please choose the statement that sounds most like you.,من بين العبارتين التاليتين، يرجى اختيار العبارة التي تنطبق عليك أكثر من غيرها. ,I downplay my achievements.,أقلل من شأن إنجازاتي.,1,I fantasise about unlimited success or power.,أحلم بتحقيق نجاحات أو الحصول قوة غير محدودة.,2
Q125,Please choose the statement that sounds most like you.,من بين العبارتين التاليتين، يرجى اختيار العبارة التي تنطبق عليك أكثر من غيرها. ,"I focus on what benefits me, even if others don’t like it.",أركز على ما يفيدني، حتى لو لم يحب الآخرون ذلك.,1,I turn down opportunities that would benefit me at the cost of others.,أمتنع عن قبول الفرص التي قد تفيدني على حساب الآخرين.,2
Q126,Please choose the statement that sounds most like you.,من بين العبارتين التاليتين، يرجى اختيار العبارة التي تنطبق عليك أكثر من غيرها. ,I know how to turn situations in my favor.,أعرف كيف أغير المواقف لمصلحتي.,1,I let situations unfold naturally.,أدع الأحداث تأخذ مجراها الطبيعي.,2
Q127,Please choose the statement that sounds most like you.,من بين العبارتين التاليتين، يرجى اختيار العبارة التي تنطبق عليك أكثر من غيرها. ,People act rude because they have their own problems.,يتصرف الناس بطريقة غير مهذبة لأن لديهم مشاكلهم الخاصة.,1,"If someone is rude to me, I treat them the same way.",إذا عاملني شخص بطريقة غير مهذبة، فأنا أتعامل معه بنفس الطريقة.,2
Q128,Please choose the statement that sounds most like you.,من بين العبارتين التاليتين، يرجى اختيار العبارة التي تنطبق عليك أكثر من غيرها. ,I usually give people the benefit of the doubt.,غالباً أُحسن الظن بالناس.,1,I’m always selective about who I trust.,أحرص دائمًا على انتقاء الأشخاص الذين أضع ثقتي فيهم.,2
Q129,Please choose the statement that sounds most like you.,من بين العبارتين التاليتين، يرجى اختيار العبارة التي تنطبق عليك أكثر من غيرها. ,It makes sense that I should be the one in control.,من المنطق أن أكون أنا الشخص المسيطر.,1,Other people may be far better leaders than me.,قد يؤدي الآخرون دوراً قيادياً أفضل مني بكثير.,2
Q130,Please choose the statement that sounds most like you.,من بين العبارتين التاليتين، يرجى اختيار العبارة التي تنطبق عليك أكثر من غيرها. ,I get restless when things move slowly.,أصبح غير صبور عندما تسير الأمور ببطء.,1,I’m fine waiting for things to happen on their own.,لا أمانع الانتظار حتى تحدث الأمور من تلقاء نفسها.,2
Q131,Please choose the statement that sounds most like you.,من بين العبارتين التاليتين، يرجى اختيار العبارة التي تنطبق عليك أكثر من غيرها. ,I don’t think about the impression I make.,لا أفكر في الانطباع الذي أتركه لدى الآخرين.,1,It is important to know how others perceive me.,من المهم أن أعرف كيف يراني الآخرون.,2
Q132,Please choose the statement that sounds most like you.,من بين العبارتين التاليتين، يرجى اختيار العبارة التي تنطبق عليك أكثر من غيرها. ,Being recognised is important for me.,من المهم بالنسبة لي أن أكون معروفاً.,1,I’m content when my work speaks for itself.,أنا راضٍ عندما يتحدث عملي عن نفسه.,2
Q133,Please choose the statement that sounds most like you.,من بين العبارتين التاليتين، يرجى اختيار العبارة التي تنطبق عليك أكثر من غيرها. ,"I enjoy taking risks, no matter the outcome.",أستمتع بالمجازفة، بغض النظر عن النتيجة.,1,"If I’m unsure about something, I prefer to play it safe.",إذا كنت غير متأكد من شيء ما، ختار أن أتصرف بحذر.,2
Q134,Please choose the statement that sounds most like you.,من بين العبارتين التاليتين، يرجى اختيار العبارة التي تنطبق عليك أكثر من غيرها. ,It’s important for me how others see me.,من المهم بالنسبة لي كيف يراني الآخرون.,1,I don’t necessarily try to make people feel good about me.,لا أحاول بالضرورة أن أجعل الناس يشعرون بالرضا عني.,2
Q135,Please choose the statement that sounds most like you.,من بين العبارتين التاليتين، يرجى اختيار العبارة التي تنطبق عليك أكثر من غيرها. ,I bring up my achievements only if it’s strictly relevant.,لا أطرح إنجازاتي إلا إذا كانت ذات صلة.,1,I am more capable than most people.,أنا أكثر قدرة من معظم الناس.,2
Q136,Please choose the statement that sounds most like you.,من بين العبارتين التاليتين، يرجى اختيار العبارة التي تنطبق عليك أكثر من غيرها. ,Sometimes I can’t stop regretting my failures.,في بعض الأحيان لا أستطيع إيقاف الشعور بالندم على تجاربي الفاشلة.,1,I don’t think about my past mistakes.,لا أفكر بأخطائي السابقة.,2
Q137,Please choose the statement that sounds most like you.,من بين العبارتين التاليتين، يرجى اختيار العبارة التي تنطبق عليك أكثر من غيرها. ,The majority of people are genuine and authentic.,معظم الناس صادقون ونواياهم صافية.,1,Most people will use you if you let them.,سيستغلك معظم الناس إذا سمحت لهم بذلك.,2
Q138,Please choose the statement that sounds most like you.,من بين العبارتين التاليتين، يرجى اختيار العبارة التي تنطبق عليك أكثر من غيرها. ,"Whatever I do, I believe it will be successful.",مهما أفعل، أعتقد أنني سأنجح.,1,I can never be sure whether my efforts will turn out well.,لا يمكنني أبداً أن أكون متأكداً من أنّ جهودي ستؤدي إلى نتيجة جيدة.,2
Q139,Please choose the statement that sounds most like you.,من بين العبارتين التاليتين، يرجى اختيار العبارة التي تنطبق عليك أكثر من غيرها. ,"I focus on getting ahead, even if others don’t like it.",أركز على المضي قدماً، حتى لو لا يحب الآخرون ذلك.,1,I can give up a personal goal if it negatively affects others.,يمكنني التخلي عن أحد أهدافي الشخصية إذا كان هذا الهدف يؤثر سلباً على الآخرين.,2
Q140,Please choose the statement that sounds most like you.,من بين العبارتين التاليتين، يرجى اختيار العبارة التي تنطبق عليك أكثر من غيرها. ,I keep good connections that help me reach my goals.,أحافظ على علاقات جيدة مع الأشخاص لتساعدني على تحقيق أهدافي.,1,I feel uncomfortable reaching out to influential people.,أجد صعوبة في التواصل مع الأشخاص المعروفين أو المؤثرين.,2
Q141,Please choose the statement that sounds most like you.,من بين العبارتين التاليتين، يرجى اختيار العبارة التي تنطبق عليك أكثر من غيرها. ,I avoid drawing people's attention to my accomplishments.,أتجنب لفت انتباه الناس إلى إنجازاتي.,1,I like it when others compliment me on my success.,أحب عندما يمدح الناس إنجازاتي.,2
Q142,Please choose the statement that sounds most like you.,من بين العبارتين التاليتين، يرجى اختيار العبارة التي تنطبق عليك أكثر من غيرها. ,I’m usually the first to step in when someone can’t speak up for themselves.,في العادة، أكون أول من يتدخل عندما لا يتمكن شخص ما من الدفاع عن نفسه.,1,People don’t get help if they can’t stand up for themselves.,لا يحصل الناس على المساعدة إذا لم يتمكنوا من الدفاع عن أنفسهم.,2
Q143,Please choose the statement that sounds most like you.,من بين العبارتين التاليتين، يرجى اختيار العبارة التي تنطبق عليك أكثر من غيرها. ,I often discuss my goals with other people.,في الغالب، أناقش أهدافي مع الآخرين.,1,"I don’t share my goals, as others might obstruct them.",لا أشارك أهدافي، إذ قد يعرقلها الآخرون.,2
Q144,Please choose the statement that sounds most like you.,من بين العبارتين التاليتين، يرجى اختيار العبارة التي تنطبق عليك أكثر من غيرها. ,I don’t feel the need to talk about my successes.,لا أشعر بالحاجة للتحدث عن نجاحاتي.,1,I am born to be famous.,لقد ولدت لأكون مشهوراً.,2
Q145,Please choose the statement that sounds most like you.,من بين العبارتين التاليتين، يرجى اختيار العبارة التي تنطبق عليك أكثر من غيرها. ,I can enjoy quiet and routine activities.,يمكنني الاستمتاع بالأنشطة الهادئة والروتينية.,1,I need constant stimulation not to get bored.,أحتاج إلى تحفيزٍ مستمر حتى لا أشعر بالملل.,2
Q146,Please choose the statement that sounds most like you.,من بين العبارتين التاليتين، يرجى اختيار العبارة التي تنطبق عليك أكثر من غيرها. ,It’s worth giving people a chance.,يستحق الناس إعطائهم الفرص.,1,Trusting too easily leads to trouble.,منح الثقة للناس بسهولة يؤدي إلى المشاكل.,2
Q147,Please choose the statement that sounds most like you.,من بين العبارتين التاليتين، يرجى اختيار العبارة التي تنطبق عليك أكثر من غيرها. ,I don’t insist that others accept my views.,لا أُصِرّ على أن يقبل الآخرون وجهات نظري.,1,People always take my opinions seriously.,يأخذ الناس آرائي دائماً على محمل الجد.,2
Q148,Please choose the statement that sounds most like you.,من بين العبارتين التاليتين، يرجى اختيار العبارة التي تنطبق عليك أكثر من غيرها. ,"When I feel like doing something, I drop what I’m doing and go for it.",إذا رغبت في القيام بشيء، أترك ما بيدي وأبدأ به فورًا.,1,What you want will come with time if you’re patient.,ما تريده سيأتي مع مرور الوقت إذا كنت صبوراً.,2
Q149,Please choose the statement that sounds most like you.,من بين العبارتين التاليتين، يرجى اختيار العبارة التي تنطبق عليك أكثر من غيرها. ,I’m good at reading between the lines.,أجيد فهم ما يُقصد من بين السطور.,1,I prefer clear and direct talks.,أفضل المحادثات الواضحة والمباشرة.,2
Q150,Please choose the statement that sounds most like you.,من بين العبارتين التاليتين، يرجى اختيار العبارة التي تنطبق عليك أكثر من غيرها. ,People naturally perceive me as a leader.,يراني الناس قائدًا بطبيعتي.,1,I usually let others take the initiative.,في العادة، أترك لغيري فرصة المبادرة.,2
Q151,Please choose the statement that sounds most like you.,من بين العبارتين التاليتين، يرجى اختيار العبارة التي تنطبق عليك أكثر من غيرها. ,"If I want something, I try to get it right away.",إذا أردتُ شيئا ما، أحاول الحصول عليه على الفور.,1,I wait for the right moment before making a move.,انتظر اللحظة المناسبة قبل أن أتخذ أي قرار.,2
Q152,Please choose the statement that sounds most like you.,من بين العبارتين التاليتين، يرجى اختيار العبارة التي تنطبق عليك أكثر من غيرها. ,I let people form their own opinions about me.,اسمح للناس بتكوين آرائهم الخاصة عني.,1,I try to manage how people think of me.,أبذل جهدًا لأؤثر في الطريقة التي يراني بها الناس.,2
Q153,Please choose the statement that sounds most like you.,من بين العبارتين التاليتين، يرجى اختيار العبارة التي تنطبق عليك أكثر من غيرها. ,"I’m content with doing good work, even if no one notices.",يكفيني أن أؤدي عملي بشكلٍ جيد، حتى لو لم يلاحظ أحد ذلك.,1,I feel proud when people admire my work.,أشعر بالفخر عندما يقدر الناس عملي.,2
Q154,Please choose the statement that sounds most like you.,من بين العبارتين التاليتين، يرجى اختيار العبارة التي تنطبق عليك أكثر من غيرها. ,I easily get upset when I see someone feeling down.,أشعر بالانزعاج بسهولة عندما أرى شخصاً يشعر بالإحباط.,1,I don’t get easily affected by other people’s emotions.,لا أتأثر بسهولة بمشاعر الآخرين.,2
Q155,Please choose the statement that sounds most like you.,من بين العبارتين التاليتين، يرجى اختيار العبارة التي تنطبق عليك أكثر من غيرها. ,I can’t always read people’s behaviour.,لا أستطيع دائماً قراءة أو فهم سلوك الناس.,1,I easily navigate situations full of subtext.,أجيد التعامل بسهولة مع المواقف التي تحمل الكثير من المعاني الخفية.,2
Q156,Please choose the statement that sounds most like you.,من بين العبارتين التاليتين، يرجى اختيار العبارة التي تنطبق عليك أكثر من غيرها. ,I don’t think others notice or praise me.,أشعر أن الآخرين لا يلتفتون إليّ ولا يوجهون لي المديح.,1,People naturally admire my qualities.,يعجب الناس غالباً بصفاتي.,2
Q157,Please choose the statement that sounds most like you.,من بين العبارتين التاليتين، يرجى اختيار العبارة التي تنطبق عليك أكثر من غيرها. ,I avoid hurting others’ feelings at all costs.,أتجنب إيذاء مشاعر الآخرين مهما كانت الظروف.,1,"I speak my mind, even when it upsets someone.",أعبر عن رأيي بصراحة، حتى لو أزعج ذلك الآخرون.,2
Q158,Please choose the statement that sounds most like you.,من بين العبارتين التاليتين، يرجى اختيار العبارة التي تنطبق عليك أكثر من غيرها. ,I trust that influential people will notice my worth someday.,أنا واثق من أن الأشخاص المؤثرين سيلاحظون قيمتي يوما ما.,1,I try to meet important people to present myself.,أحاول مقابلة أشخاص مهمين لأعرفهم بنفسي.,2
Q159,Please choose the statement that sounds most like you.,من بين العبارتين التاليتين، يرجى اختيار العبارة التي تنطبق عليك أكثر من غيرها. ,Being the centre of attention comes effortlessly to me.,أن أكون محط الاهتمام أمر طبيعي بالنسبة لي.,1,I don’t mind if others take the spotlight.,لا أمانع إذا كان غيري هو محط الاهتمام.,2
Q160,Please choose the statement that sounds most like you.,من بين العبارتين التاليتين، يرجى اختيار العبارة التي تنطبق عليك أكثر من غيرها. ,I don’t mind breaking rules to succeed.,لا أمانع تجاوز القواعد إذا كان ذلك يؤدي إلى النجاح.,1,"I follow the rules, even if it takes longer.",أتبع القواعد، حتى لو استغرق الأمر وقتاً أطول.,2
Q161,Please choose the statement that sounds most like you.,من بين العبارتين التاليتين، يرجى اختيار العبارة التي تنطبق عليك أكثر من غيرها. ,I’m careful about what I reveal to others.,أتوخى الحذر فيما أكشفه عن نفسي للآخرين.,1,I’m open and share most things about myself.,أنا منفتح وأشارك معظم الأشياء عن نفسي.,2
Q162,Please choose the statement that sounds most like you.,من بين العبارتين التاليتين، يرجى اختيار العبارة التي تنطبق عليك أكثر من غيرها. ,I believe I’m more talented than most people at work.,أعتقد أنني أكثر موهبة من معظم الناس في العمل.,1,"I’m an ordinary person, who does what is needed.",أنا شخص عادي، أقوم بما هو مطلوب.,2
Q163,Please choose the statement that sounds most like you.,من بين العبارتين التاليتين، يرجى اختيار العبارة التي تنطبق عليك أكثر من غيرها. ,I feel calm in risky or stressful situations.,أشعر بالهدوء في المواقف الخطرة أو المُجهِدة.,1,I prefer to avoid risky or uncertain situations.,أفضل تجنب المواقف الخطرة أو غير المضمونة.,2
Q164,Please choose the statement that sounds most like you.,من بين العبارتين التاليتين، يرجى اختيار العبارة التي تنطبق عليك أكثر من غيرها. ,People usually act as a favor for a favor.,غالبًا يكون سلوك الناس قائمًا على تبادل المنافع، مبدأ المثل بالمثل.,1,Some do favors just to be helpful.,بعض الناس يؤدّون المعروف فقط بدافع المساعدة.,2
Q165,Please choose the statement that sounds most like you.,من بين العبارتين التاليتين، يرجى اختيار العبارة التي تنطبق عليك أكثر من غيرها. ,I’m fine if my efforts go unnoticed.,ليست لدي مشكلة إذا لم يتم ملاحظة مجهودي.,1,I insist on being acknowledged for my contributions.,أصر على أن يتم الاعتراف بمساهماتي.,2
Q166,Please choose the statement that sounds most like you.,من بين العبارتين التاليتين، يرجى اختيار العبارة التي تنطبق عليك أكثر من غيرها. ,"I don’t feel bad if my actions hurt others, as long as I’m right.",لا أشعر بالسوء إذا كانت أفعالي تضر الآخرين، طالما أنني على حق.,1,"Even when I’m right, I feel bad if I hurt others' feelings.",حتى عندما أكون على حق، أشعر بالسوء إذا جرحت مشاعر الآخرين.,2
Q167,Please choose the statement that sounds most like you.,من بين العبارتين التاليتين، يرجى اختيار العبارة التي تنطبق عليك أكثر من غيرها. ,I never worry about people taking advantage of me.,لا اقلق أبدًا من أن يستغلني أحد.,1,People always have hidden motives.,دائماً يكون لدى الناس دوافع خفية.,2
Q168,Please choose the statement that sounds most like you.,من بين العبارتين التاليتين، يرجى اختيار العبارة التي تنطبق عليك أكثر من غيرها. ,I feel disappointed when I don’t receive immediate recognition for my work.,أشعر بخيبة الأمل عندما لا أحصل على تقدير فوري لعملي.,1,"When the time is right, my achievements will be recognised.",عندما يحين الوقت المناسب، سيتم تقدير إنجازاتي.,2
Q169,Please choose the statement that sounds most like you.,من بين العبارتين التاليتين، يرجى اختيار العبارة التي تنطبق عليك أكثر من غيرها. ,I enjoy doing things that others find risky.,أستمتع بفعل الأشياء التي يجدها الآخرون خطرة.,1,I take my time to think before acting.,آخذ وقتي للتفكير قبل التصرف.,2
